<?xml version="1.0" encoding="UTF-8" ?>
<!DOCTYPE mapper PUBLIC "-//mybatis.org//DTD Mapper 3.0//EN" "http://mybatis.org/dtd/mybatis-3-mapper.dtd" >
<mapper namespace="com.slwh.emr.mapper.BedMapper" >
  <resultMap id="BaseResultMap" type="com.slwh.emr.model.Bed" >
    <id column="bed_id" property="bedId" jdbcType="INTEGER" />
    <result column="bed_no" property="bedNo" jdbcType="VARCHAR" />
    <result column="status" property="status" jdbcType="INTEGER" />
  </resultMap>
  <sql id="Base_Column_List" >
    bed_id, bed_no, status
  </sql>
  <select id="selectById" resultMap="BaseResultMap" parameterType="java.lang.Integer" >
    select 
    <include refid="Base_Column_List" />
    from emr_bed
    where bed_id = #{bedId,jdbcType=INTEGER}
  </select>
  <delete id="deleteById" parameterType="java.lang.Integer" >
    delete from emr_bed
    where bed_id = #{bedId,jdbcType=INTEGER}
  </delete>
  <insert id="insert" parameterType="com.slwh.emr.model.Bed" >
    insert into emr_bed (bed_id, bed_no, status)
    values (#{bedId,jdbcType=INTEGER}, #{bedNo,jdbcType=VARCHAR}), #{status,jdbcType=INTEGER}
  </insert>
  <insert id="insertSelective" parameterType="com.slwh.emr.model.Bed" >
    insert into emr_bed
    <trim prefix="(" suffix=")" suffixOverrides="," >
      <if test="bedId != null" >
        bed_id,
      </if>
      <if test="bedNo != null" >
        bed_no,
      </if>
      <if test="status != null" >
        status,
      </if>
    </trim>
    <trim prefix="values (" suffix=")" suffixOverrides="," >
      <if test="bedId != null" >
        #{bedId,jdbcType=INTEGER},
      </if>
      <if test="bedNo != null" >
        #{bedNo,jdbcType=VARCHAR},
      </if>
      <if test="status != null" >
        #{status,jdbcType=VARCHAR},
      </if>
    </trim>
  </insert>
  <update id="updateByIdSelective" parameterType="com.slwh.emr.model.Bed" >
    update emr_bed
    <set >
      <if test="bedNo != null" >
      bed_no = #{bedNo,jdbcType=VARCHAR},
    </if>
      <if test="status != null" >
        status = #{status,jdbcType=INTEGER},
      </if>
    </set>
    where bed_id = #{bedId,jdbcType=INTEGER}
  </update>
  <update id="updateById" parameterType="com.slwh.emr.model.Bed" >
    update emr_bed
    set bed_no = #{bedNo,jdbcType=VARCHAR},
         status = #{status,jdbcType=INTEGER}
    where bed_id = #{bedId,jdbcType=INTEGER}
  </update>
  <!--查询所有床位信息  -->
  <select id="selectAll" resultMap="BaseResultMap">
    select
    <include refid="Base_Column_List" />
    from emr_bed
  </select>
  <!--查询未用床位信息  -->
  <select id="selectByStatus" resultMap="BaseResultMap">
    select
    <include refid="Base_Column_List" />
    from emr_bed
    where (status =0)
  </select>
</mapper>