<?xml version="1.0" encoding="UTF-8" ?>
<!DOCTYPE mapper PUBLIC "-//mybatis.org//DTD Mapper 3.0//EN" "http://mybatis.org/dtd/mybatis-3-mapper.dtd" >
<mapper namespace="com.slwh.emr.mapper.Menu_PermissionMapper" >
  <resultMap id="BaseResultMap" type="com.slwh.emr.model.Menu_PermissionKey" >
    <id column="m_id" property="mId" jdbcType="INTEGER" />
    <id column="pe_id" property="peId" jdbcType="INTEGER" />
  </resultMap>
  <delete id="deleteById" parameterType="com.slwh.emr.model.Menu_PermissionKey" >
    delete from emr_menu_permission
    where m_id = #{mId,jdbcType=INTEGER}
      and pe_id = #{peId,jdbcType=INTEGER}
  </delete>
  <insert id="insert" parameterType="com.slwh.emr.model.Menu_PermissionKey" >
    insert into emr_menu_permission (m_id, pe_id)
    values (#{mId,jdbcType=INTEGER}, #{peId,jdbcType=INTEGER})
  </insert>
  <insert id="insertSelective" parameterType="com.slwh.emr.model.Menu_PermissionKey" >
    insert into emr_menu_permission
    <trim prefix="(" suffix=")" suffixOverrides="," >
      <if test="mId != null" >
        m_id,
      </if>
      <if test="peId != null" >
        pe_id,
      </if>
    </trim>
    <trim prefix="values (" suffix=")" suffixOverrides="," >
      <if test="mId != null" >
        #{mId,jdbcType=INTEGER},
      </if>
      <if test="peId != null" >
        #{peId,jdbcType=INTEGER},
      </if>
    </trim>
  </insert>
</mapper>