<?xml version="1.0" encoding="UTF-8" ?>
<!DOCTYPE mapper PUBLIC "-//mybatis.org//DTD Mapper 3.0//EN" "http://mybatis.org/dtd/mybatis-3-mapper.dtd" >
<mapper namespace="com.slwh.emr.mapper.MenuMapper" >
  <resultMap id="BaseResultMap" type="com.slwh.emr.model.Menu" >
    <id column="m_id" property="mId" jdbcType="INTEGER" />
    <result column="m_name" property="mName" jdbcType="VARCHAR" />
  </resultMap>
  <sql id="Base_Column_List" >
    m_id, m_name
  </sql>
  <select id="selectById" resultMap="BaseResultMap" parameterType="java.lang.Integer" >
    select 
    <include refid="Base_Column_List" />
    from emr_menu
    where m_id = #{mId,jdbcType=INTEGER}
  </select>
  <delete id="deleteById" parameterType="java.lang.Integer" >
    delete from emr_menu
    where m_id = #{mId,jdbcType=INTEGER}
  </delete>
  <insert id="insert" parameterType="com.slwh.emr.model.Menu" >
    insert into emr_menu (m_id, m_name)
    values (#{mId,jdbcType=INTEGER}, #{mName,jdbcType=VARCHAR})
  </insert>
  <insert id="insertSelective" parameterType="com.slwh.emr.model.Menu" >
    insert into emr_menu
    <trim prefix="(" suffix=")" suffixOverrides="," >
      <if test="mId != null" >
        m_id,
      </if>
      <if test="mName != null" >
        m_name,
      </if>
    </trim>
    <trim prefix="values (" suffix=")" suffixOverrides="," >
      <if test="mId != null" >
        #{mId,jdbcType=INTEGER},
      </if>
      <if test="mName != null" >
        #{mName,jdbcType=VARCHAR},
      </if>
    </trim>
  </insert>
  <update id="updateByIdSelective" parameterType="com.slwh.emr.model.Menu" >
    update emr_menu
    <set >
      <if test="mName != null" >
        m_name = #{mName,jdbcType=VARCHAR},
      </if>
    </set>
    where m_id = #{mId,jdbcType=INTEGER}
  </update>
  <update id="updateById" parameterType="com.slwh.emr.model.Menu" >
    update emr_menu
    set m_name = #{mName,jdbcType=VARCHAR}
    where m_id = #{mId,jdbcType=INTEGER}
  </update>

  <!--查询所有菜单信息  -->
  <select id="selectAll" resultMap="BaseResultMap">
    select
    <include refid="Base_Column_List" />
    from emr_menu
  </select>

  <!--根据user查询所有菜单信息  -->
  <select id="getMenusByUserId" parameterType="java.lang.Integer" resultMap="BaseResultMap">
    select
    <include refid="Base_Column_List" />
    from emr_menu,emr_menu_permission,emr_permission,emr_role_permission,emr_role_user
    where emr_menu.m_id=emr_menu_permission.m_id
    and emr_menu_permission.pe_id=emr_permission.pe_id
    and emr_permission.pe_id=emr_role_permission.pe_id
    and emr_role_permission.r_id=emr_role_user.r_id
    and emr_role_user.u_id=#{#id,jdbcType=INTEGER}
  </select>
</mapper>