<?xml version="1.0" encoding="UTF-8" ?>
<!DOCTYPE mapper PUBLIC "-//mybatis.org//DTD Mapper 3.0//EN" "http://mybatis.org/dtd/mybatis-3-mapper.dtd" >
<mapper namespace="com.slwh.emr.mapper.PationMapper" >
  <resultMap id="BaseResultMap" type="com.slwh.emr.model.Pation" >
    <id column="p_id" property="pId" jdbcType="INTEGER" />
    <result column="p_name" property="pName" jdbcType="VARCHAR" />
    <result column="p_sex" property="pSex" jdbcType="VARCHAR" />
    <result column="p_age" property="pAge" jdbcType="INTEGER" />
    <result column="p_tel" property="pTel" jdbcType="INTEGER" />
    <result column="mr_num" property="mrNum" jdbcType="VARCHAR" />
    <result column="status" property="status" jdbcType="INTEGER" />
    <result column="mz_num" property="mzNum" jdbcType="INTEGER" />
    <result column="gh_time" property="date" jdbcType="DATE" />
    <result column="p_doctor" property="doctor" jdbcType="VARCHAR" />
    <result column="ith_status" property="ithStatus" jdbcType="INTEGER" />
    <result column="ith_banli" property="ithBanLi" jdbcType="INTEGER" />
  </resultMap>
  <sql id="Base_Column_List" >
    p_id, p_name, p_sex, p_age, p_tel, mr_num, status, mz_num, gh_time, p_doctor, ith_status, ith_banli
  </sql>
  <select id="selectById" resultMap="BaseResultMap" parameterType="java.lang.Integer" >
    select 
    <include refid="Base_Column_List" />
    from emr_patient
    where p_id = #{pId,jdbcType=INTEGER}
  </select>
  <delete id="deleteById" parameterType="java.lang.Integer" >
    delete from emr_patient
    where p_id = #{pId,jdbcType=INTEGER}
  </delete>
  <insert id="insert" parameterType="com.slwh.emr.model.Pation" >
    insert into emr_patient (p_id, p_name, p_sex, 
      p_age, p_tel, mr_num, 
      status, mz_num, gh_time, p_doctor, ith_status, ith_banli)
    values (#{pId,jdbcType=INTEGER}, #{pName,jdbcType=VARCHAR}, #{pSex,jdbcType=VARCHAR}, 
      #{pAge,jdbcType=INTEGER}, #{pTel,jdbcType=INTEGER}, #{mrNum,jdbcType=VARCHAR}, 
      #{status,jdbcType=INTEGER}, #{mzNum,jdbcType=INTEGER}, #{date,jdbcType=DATE}, #{doctor,jdbcType=VARCHAR}, #{ithStatus,jdbcType=INTEGER}, #{ithBanLi,jdbcType=INTEGER})
  </insert>
  <insert id="insertSelective" parameterType="com.slwh.emr.model.Pation" >
    insert into emr_patient
    <trim prefix="(" suffix=")" suffixOverrides="," >
      <if test="pId != null" >
        p_id,
      </if>
      <if test="pName != null" >
        p_name,
      </if>
      <if test="pSex != null" >
        p_sex,
      </if>
      <if test="pAge != null" >
        p_age,
      </if>
      <if test="pTel != null" >
        p_tel,
      </if>
      <if test="mrNum != null" >
        mr_num,
      </if>
      <if test="status != null" >
        status,
      </if>
      <if test="mzNum != null" >
        mz_num,
      </if>
      <if test="date != null" >
        gh_time,
      </if>
      <if test="doctor != null" >
        p_doctor,
      </if>
      <if test="ithStatus != null" >
        ith_status,
      </if>
      <if test="ithBanLi != null" >
        ith_banli,
      </if>
    </trim>
    <trim prefix="values (" suffix=")" suffixOverrides="," >
      <if test="pId != null" >
        #{pId,jdbcType=INTEGER},
      </if>
      <if test="pName != null" >
        #{pName,jdbcType=VARCHAR},
      </if>
      <if test="pSex != null" >
        #{pSex,jdbcType=VARCHAR},
      </if>
      <if test="pAge != null" >
        #{pAge,jdbcType=INTEGER},
      </if>
      <if test="pTel != null" >
        #{pTel,jdbcType=INTEGER},
      </if>
      <if test="mrNum != null" >
        #{mrNum,jdbcType=VARCHAR},
      </if>
      <if test="status != null" >
        #{status,jdbcType=INTEGER},
      </if>
      <if test="mzNum != null" >
        #{mzNum,jdbcType=INTEGER},
      </if>
      <if test="date != null" >
        #{date,jdbcType=DATE},
      </if>
      <if test="doctor != null" >
        #{doctor,jdbcType=VARCHAR},
      </if>
      <if test="ithStatus != null" >
        #{ithStatus,jdbcType=INTEGER},
      </if>
      <if test="ithBanLi != null" >
        #{ithBanLi,jdbcType=INTEGER},
      </if>
    </trim>
  </insert>
  <update id="updateByIdSelective" parameterType="com.slwh.emr.model.Pation" >
    update emr_patient
    <set >
      <if test="pName != null" >
        p_name = #{pName,jdbcType=VARCHAR},
      </if>
      <if test="pSex != null" >
        p_sex = #{pSex,jdbcType=VARCHAR},
      </if>
      <if test="pAge != null" >
        p_age = #{pAge,jdbcType=INTEGER},
      </if>
      <if test="pTel != null" >
        p_tel = #{pTel,jdbcType=INTEGER},
      </if>
      <if test="mrNum != null" >
        mr_num = #{mrNum,jdbcType=VARCHAR},
      </if>
      <if test="status != null" >
        status = #{status,jdbcType=INTEGER},
      </if>
      <if test="ithStatus != null" >
        status = #{ithStatus,jdbcType=INTEGER},
      </if>
      <if test="ithBanLi != null" >
        status = #{ithBanLi,jdbcType=INTEGER},
      </if>
    </set>
    where p_id = #{pId,jdbcType=INTEGER}
  </update>
  <update id="updateById" parameterType="com.slwh.emr.model.Pation" >
    update emr_patient
    set p_name = #{pName,jdbcType=VARCHAR},
      p_sex = #{pSex,jdbcType=VARCHAR},
      p_age = #{pAge,jdbcType=INTEGER},
      p_tel = #{pTel,jdbcType=INTEGER},
      mr_num = #{mrNum,jdbcType=VARCHAR},
      status = #{status,jdbcType=INTEGER},
      ith_status = #{ithStatus,jdbcType=INTEGER},
      ith_banli = #{ithBanLi,jdbcType=INTEGER}
    where p_id = #{pId,jdbcType=INTEGER}
  </update>

  <!--查询所有病人信息  -->
  <select id="selectAll" resultMap="BaseResultMap">
    select
    <include refid="Base_Column_List" />
    from emr_patient
  </select>
  <!--根据病人姓名、门诊编号查询  -->
  <select id="selectByNameAndmzNum" resultMap="BaseResultMap">
    select
    <include refid="Base_Column_List" />
    from emr_patient
    where (p_name like CONCAT('%',#{pName},'%') and mz_num like CONCAT('%',#{mzNum},'%'))
  </select>
  <!--根据病人状态查询 -->
  <select id="selectByStatic" resultMap="BaseResultMap">
    select
    <include refid="Base_Column_List" />
    from emr_patient
    where status=0
  </select>
  <!--查询住院病人 -->
  <select id="selectByIthStatus" resultMap="BaseResultMap">
    select
    <include refid="Base_Column_List" />
    from emr_patient
    where ith_status=#{ith,jdbcType=INTEGER}
  </select>
  <!--根据门诊病人时间查询 -->
  <select id="selectByTime" resultMap="BaseResultMap">
    select
    <include refid="Base_Column_List" />
    from emr_patient
    where gh_time=#{d,jdbcType=DATE} and ith_status=#{i,jdbcType=INTEGER}
  </select>

  <!--根据门诊,住院病人时间查询 -->
  <select id="selectByNotTime" resultMap="BaseResultMap">
    select
    <include refid="Base_Column_List" />
    from emr_patient
    where gh_time!=#{d,jdbcType=DATE} and ith_status=#{i,jdbcType=INTEGER}
  </select>
  <!--根据门诊,住院病人时间查询 -->
  <select id="selectkaiyao" resultMap="BaseResultMap">
    select
    <include refid="Base_Column_List" />
    from emr_patient
    where p_id not in (select patient_id from emr_prescription)
  </select>
</mapper>