<?xml version="1.0" encoding="UTF-8" ?>
<!DOCTYPE mapper PUBLIC "-//mybatis.org//DTD Mapper 3.0//EN" "http://mybatis.org/dtd/mybatis-3-mapper.dtd" >
<mapper namespace="com.slwh.emr.mapper.Role_PermissionMapper" >
  <resultMap id="BaseResultMap" type="com.slwh.emr.model.Role_PermissionKey" >
    <id column="r_id" property="rId" jdbcType="INTEGER" />
    <id column="pe_id" property="peId" jdbcType="INTEGER" />
  </resultMap>
  <delete id="deleteById" parameterType="com.slwh.emr.model.Role_PermissionKey" >
    delete from emr_role_permission
    where r_id = #{rId,jdbcType=INTEGER}
      and pe_id = #{peId,jdbcType=INTEGER}
  </delete>
  <insert id="insert" parameterType="com.slwh.emr.model.Role_PermissionKey" >
    insert into emr_role_permission (r_id, pe_id)
    values (#{rId,jdbcType=INTEGER}, #{peId,jdbcType=INTEGER})
  </insert>
  <insert id="insertSelective" parameterType="com.slwh.emr.model.Role_PermissionKey" >
    insert into emr_role_permission
    <trim prefix="(" suffix=")" suffixOverrides="," >
      <if test="rId != null" >
        r_id,
      </if>
      <if test="peId != null" >
        pe_id,
      </if>
    </trim>
    <trim prefix="values (" suffix=")" suffixOverrides="," >
      <if test="rId != null" >
        #{rId,jdbcType=INTEGER},
      </if>
      <if test="peId != null" >
        #{peId,jdbcType=INTEGER},
      </if>
    </trim>
  </insert>
</mapper>