<?xml version="1.0" encoding="UTF-8" ?>
<!DOCTYPE mapper PUBLIC "-//mybatis.org//DTD Mapper 3.0//EN" "http://mybatis.org/dtd/mybatis-3-mapper.dtd" >
<mapper namespace="com.slwh.emr.mapper.TreatMapper" >
  <resultMap id="BaseResultMap" type="com.slwh.emr.model.Treat" >
    <id column="t_id" property="tId" jdbcType="INTEGER" />
    <result column="t_level" property="tLevel" jdbcType="VARCHAR" />
  </resultMap>
  <sql id="Base_Column_List" >
    t_id, t_level
  </sql>
  <select id="selectById" resultMap="BaseResultMap" parameterType="java.lang.Integer" >
    select 
    <include refid="Base_Column_List" />
    from emr_treat
    where t_id = #{tId,jdbcType=INTEGER}
  </select>
  <delete id="deleteById" parameterType="java.lang.Integer" >
    delete from emr_treat
    where t_id = #{tId,jdbcType=INTEGER}
  </delete>
  <insert id="insert" parameterType="com.slwh.emr.model.Treat" >
    insert into emr_treat (t_id, t_level)
    values (#{tId,jdbcType=INTEGER}, #{tLevel,jdbcType=VARCHAR})
  </insert>
  <insert id="insertSelective" parameterType="com.slwh.emr.model.Treat" >
    insert into emr_treat
    <trim prefix="(" suffix=")" suffixOverrides="," >
      <if test="tId != null" >
        t_id,
      </if>
      <if test="tLevel != null" >
        t_level,
      </if>
    </trim>
    <trim prefix="values (" suffix=")" suffixOverrides="," >
      <if test="tId != null" >
        #{tId,jdbcType=INTEGER},
      </if>
      <if test="tLevel != null" >
        #{tLevel,jdbcType=VARCHAR},
      </if>
    </trim>
  </insert>
  <update id="updateByIdSelective" parameterType="com.slwh.emr.model.Treat" >
    update emr_treat
    <set >
      <if test="tLevel != null" >
        t_level = #{tLevel,jdbcType=VARCHAR},
      </if>
    </set>
    where t_id = #{tId,jdbcType=INTEGER}
  </update>
  <update id="updateById" parameterType="com.slwh.emr.model.Treat" >
    update emr_treat
    set t_level = #{tLevel,jdbcType=VARCHAR}
    where t_id = #{tId,jdbcType=INTEGER}
  </update>

  <!--查询所有治疗信息  -->
  <select id="selectAll" resultMap="BaseResultMap">
    select
    <include refid="Base_Column_List" />
    from emr_treat
  </select>
</mapper>