<?xml version="1.0" encoding="UTF-8" ?>
<!DOCTYPE mapper PUBLIC "-//mybatis.org//DTD Mapper 3.0//EN" "http://mybatis.org/dtd/mybatis-3-mapper.dtd" >
<mapper namespace="com.slwh.emr.mapper.UserMapper" >
  <resultMap id="BaseResultMap" type="com.slwh.emr.model.User" >
    <id column="u_id" property="uId" jdbcType="INTEGER" />
    <result column="u_name" property="uName" jdbcType="VARCHAR" />
    <result column="u_password" property="uPassword" jdbcType="VARCHAR" />
    <result column="u_age" property="uAge" jdbcType="INTEGER" />
    <result column="u_sex" property="uSex" jdbcType="VARCHAR" />
    <result column="u_tel" property="uTel" jdbcType="BIGINT" />
    <result column="u_email" property="uEmail" jdbcType="VARCHAR" />
    <result column="u_num" property="uNum" jdbcType="VARCHAR" />
    <result column="status" property="status" jdbcType="INTEGER" />
  </resultMap>
  <sql id="Base_Column_List" >
    u_id, u_name, u_password, u_age, u_sex, u_tel, u_email, u_num, status
  </sql>
  <select id="selectById" resultMap="BaseResultMap" parameterType="java.lang.Integer" >
    select 
    <include refid="Base_Column_List" />
    from emr_user
    where u_id = #{uId,jdbcType=INTEGER}
  </select>
  <delete id="deleteById" parameterType="java.lang.Integer" >
    delete from emr_user
    where u_id = #{uId,jdbcType=INTEGER}
  </delete>
  <insert id="insert" parameterType="com.slwh.emr.model.User" >
    insert into emr_user (u_id, u_name, u_password, 
      u_age, u_sex, u_tel, u_email, 
      u_num, status)
    values (#{uId,jdbcType=INTEGER}, #{uName,jdbcType=VARCHAR}, #{uPassword,jdbcType=VARCHAR}, 
      #{uAge,jdbcType=INTEGER}, #{uSex,jdbcType=VARCHAR}, #{uTel,jdbcType=BIGINT}, #{uEmail,jdbcType=VARCHAR}, 
      #{uNum,jdbcType=VARCHAR}, #{status,jdbcType=INTEGER})
  </insert>
  <insert id="insertSelective" parameterType="com.slwh.emr.model.User" >
    insert into emr_user
    <trim prefix="(" suffix=")" suffixOverrides="," >
      <if test="uId != null" >
        u_id,
      </if>
      <if test="uName != null" >
        u_name,
      </if>
      <if test="uPassword != null" >
        u_password,
      </if>
      <if test="uAge != null" >
        u_age,
      </if>
      <if test="uSex != null" >
        u_sex,
      </if>
      <if test="uTel != null" >
        u_tel,
      </if>
      <if test="uEmail != null" >
        u_email,
      </if>
      <if test="uNum != null" >
        u_num,
      </if>
      <if test="status != null" >
        status,
      </if>
    </trim>
    <trim prefix="values (" suffix=")" suffixOverrides="," >
      <if test="uId != null" >
        #{uId,jdbcType=INTEGER},
      </if>
      <if test="uName != null" >
        #{uName,jdbcType=VARCHAR},
      </if>
      <if test="uPassword != null" >
        #{uPassword,jdbcType=VARCHAR},
      </if>
      <if test="uAge != null" >
        #{uAge,jdbcType=INTEGER},
      </if>
      <if test="uSex != null" >
        #{uSex,jdbcType=VARCHAR},
      </if>
      <if test="uTel != null" >
        #{uTel,jdbcType=BIGINT},
      </if>
      <if test="uEmail != null" >
        #{uEmail,jdbcType=VARCHAR},
      </if>
      <if test="uNum != null" >
        #{uNum,jdbcType=VARCHAR},
      </if>
      <if test="status != null" >
        #{status,jdbcType=INTEGER},
      </if>
    </trim>
  </insert>
  <update id="updateByIdSelective" parameterType="com.slwh.emr.model.User" >
    update emr_user
    <set >
      <if test="uName != null" >
        u_name = #{uName,jdbcType=VARCHAR},
      </if>
      <if test="uPassword != null" >
        u_password = #{uPassword,jdbcType=VARCHAR},
      </if>
      <if test="uAge != null" >
        u_age = #{uAge,jdbcType=INTEGER},
      </if>
      <if test="uSex != null" >
        u_sex = #{uSex,jdbcType=VARCHAR},
      </if>
      <if test="uTel != null" >
        u_tel = #{uTel,jdbcType=BIGINT},
      </if>
      <if test="uEmail != null" >
        u_email = #{uEmail,jdbcType=VARCHAR},
      </if>
      <if test="uNum != null" >
        u_num = #{uNum,jdbcType=VARCHAR},
      </if>
      <if test="status != null" >
        status = #{status,jdbcType=INTEGER},
      </if>
    </set>
    where u_id = #{uId,jdbcType=INTEGER}
  </update>
  <update id="updateById" parameterType="com.slwh.emr.model.User" >
    update emr_user
    set u_name = #{uName,jdbcType=VARCHAR},
      u_password = #{uPassword,jdbcType=VARCHAR},
      u_age = #{uAge,jdbcType=INTEGER},
      u_sex = #{uSex,jdbcType=VARCHAR},
      u_tel = #{uTel,jdbcType=BIGINT},
      u_email = #{uEmail,jdbcType=VARCHAR},
      u_num = #{uNum,jdbcType=VARCHAR},
      status = #{status,jdbcType=INTEGER}
    where u_id = #{uId,jdbcType=INTEGER}
  </update>

  <!--查询所有用户信息  -->
  <select id="selectAll" resultMap="BaseResultMap">
    select
    <include refid="Base_Column_List" />
    from emr_user
  </select>

  <!-- 登录操作 -->
  <select id="login" parameterType="com.slwh.emr.model.User" resultMap="BaseResultMap">
    select
    <include refid="Base_Column_List"/>
    from emr_user
    where u_name=#{username} and u_password=#{password}
  </select>

  <!--  根据姓名模糊查询-->
  <select id="selectByName" resultMap="BaseResultMap">
    select
    <include refid="Base_Column_List" />
    from emr_user
    where u_name like CONCAT('%',#{username},'%')
  </select>

  <!--  根据编号模糊查询-->
  <select id="selectByuNum" resultMap="BaseResultMap">
    select
    <include refid="Base_Column_List" />
    from emr_user
    where u_num like CONCAT('%',#{uNum},'%')
  </select>
  <!--  根据角色id查询-->
  <select id="selectByrId" resultMap="BaseResultMap">
    select
    emr_user.u_id, u_name, u_password, u_age, u_sex, u_tel, u_email, u_num, status
    from emr_user,emr_role_user
    where emr_user.u_id=emr_role_user.u_id
    and emr_role_user.r_id=#{id,jdbcType=INTEGER}
  </select>
</mapper>