<?xml version="1.0" encoding="UTF-8"?>
<!DOCTYPE generatorConfiguration
        PUBLIC "-//mybatis.org//DTD MyBatis Generator Configuration 1.0//EN"
        "http://mybatis.org/dtd/mybatis-generator-config_1_0.dtd">

<generatorConfiguration>

    <properties resource="application.yml" />
    <!-- mysql驱动的位置 这个是MySQL连接的jar包，你需要指定你自己计算机上的jar包的位置-->
    <classPathEntry location="C:\Users\64317\Desktop\mysql-connector-java-5.1.10.jar" />

    <context id="Tables" targetRuntime="MyBatis3">

        <!-- 注释 -->
        <commentGenerator>
            <!-- 是否生成注释代时间戳 -->
            <property name="suppressDate" value="true"/>
            <!-- 是否去除自动生成的注释 true：是 ： false:否 -->
            <property name="suppressAllComments" value="true"/>
        </commentGenerator>

        <!-- JDBC连接 其中connectionURL后面的newtest改为你创建的数据库，紧跟在后面是数据库连接的账户和密码-->
        <jdbcConnection
                driverClass="com.mysql.jdbc.Driver"
                connectionURL="jdbc:mysql://localhost:3306/gkemr"
                userId="root"
                password="root">
        </jdbcConnection>

        <!-- 非必需，类型处理器，在数据库类型和java类型之间的转换控制-->
        <!-- 默认false，把JDBC DECIMAL 和 NUMERIC 类型解析为 Integer，为 true时把JDBC DECIMAL 和
         NUMERIC 类型解析为java.math.BigDecimal -->
        <javaTypeResolver>
            <!-- 是否使用bigDecimal， false可自动转化以下类型（Long, Integer, Short, etc.） -->
            <property name="forceBigDecimals" value="false" />
        </javaTypeResolver>

        <!-- 生成实体类地址 这里需要你改动，其中targetPackage需要根据你自己创建的目录进行改动 -->
        <javaModelGenerator targetPackage="com.slwh.emr.model" targetProject="src/main/java">
            <!-- 从数据库返回的值被清理前后的空格 -->
            <property name="trimStrings" value="true" />
            <!-- enableSubPackages:是否让schema作为包的后缀 -->
            <property name="enableSubPackages" value="false" />
        </javaModelGenerator>

        <!-- 生成mapper xml文件 这里不需要改动 -->
        <sqlMapGenerator targetPackage="mapper"  targetProject="src/main/resources">
            <!-- enableSubPackages:是否让schema作为包的后缀 -->
            <property name="enableSubPackages" value="false" />
        </sqlMapGenerator>

        <!-- 生成mapper xml对应Client   这里需要改动targetPackage，依据你自己的工程-->
        <javaClientGenerator targetPackage="com.slwh.emr.mapper" targetProject="src/main/java" type="XMLMAPPER">
            <!-- enableSubPackages:是否让schema作为包的后缀 -->
            <property name="enableSubPackages" value="false" />
        </javaClientGenerator>

        <!-- 配置表信息 -->
        <!-- schema即为数据库名 tableName为对应的数据库表 domainObjectName是要生成的实体类 enable*ByExample
            是否生成 example类 -->

        <!--<table schema="gkemr" tableName="emr_bed"-->
               <!--domainObjectName="Bed" enableCountByExample="false"-->
               <!--enableDeleteByExample="false" enableSelectByExample="false"-->
               <!--enableUpdateByExample="false">-->
        <!--</table>-->
        <table schema="gkemr" tableName="emr_prescription"
               domainObjectName="Prescription" enableCountByExample="false"
               enableDeleteByExample="false" enableSelectByExample="false"
               enableUpdateByExample="false">
        </table>
        <!--<table schema="gkemr" tableName="emr_ith"-->
               <!--domainObjectName="Ith" enableCountByExample="false"-->
               <!--enableDeleteByExample="false" enableSelectByExample="false"-->
               <!--enableUpdateByExample="false">-->
        <!--</table>-->
        <!--<table schema="gkemr" tableName="emr_menu"-->
               <!--domainObjectName="Menu" enableCountByExample="false"-->
               <!--enableDeleteByExample="false" enableSelectByExample="false"-->
               <!--enableUpdateByExample="false">-->
        <!--</table>-->
        <!--<table schema="gkemr" tableName="emr_menu_permission"-->
               <!--domainObjectName="Menu_Permission" enableCountByExample="false"-->
               <!--enableDeleteByExample="false" enableSelectByExample="false"-->
               <!--enableUpdateByExample="false">-->
        <!--</table>-->
        <!--<table schema="gkemr" tableName="emr_mr"-->
               <!--domainObjectName="Mr" enableCountByExample="false"-->
               <!--enableDeleteByExample="false" enableSelectByExample="false"-->
               <!--enableUpdateByExample="false">-->
        <!--</table>-->
        <!--<table schema="gkemr" tableName="emr_nurse"-->
               <!--domainObjectName="Nurse" enableCountByExample="false"-->
               <!--enableDeleteByExample="false" enableSelectByExample="false"-->
               <!--enableUpdateByExample="false">-->
        <!--</table>-->
        <!--<table schema="gkemr" tableName="emr_patient"-->
               <!--domainObjectName="Pation" enableCountByExample="false"-->
               <!--enableDeleteByExample="false" enableSelectByExample="false"-->
               <!--enableUpdateByExample="false">-->
        <!--</table>-->
        <!--<table schema="gkemr" tableName="emr_permission"-->
               <!--domainObjectName="Permission" enableCountByExample="false"-->
               <!--enableDeleteByExample="false" enableSelectByExample="false"-->
               <!--enableUpdateByExample="false">-->
        <!--</table>-->
        <!--<table schema="gkemr" tableName="emr_role"-->
               <!--domainObjectName="Role" enableCountByExample="false"-->
               <!--enableDeleteByExample="false" enableSelectByExample="false"-->
               <!--enableUpdateByExample="false">-->
        <!--</table>-->
        <!--<table schema="gkemr" tableName="emr_role_permission"-->
               <!--domainObjectName="Role_Permission" enableCountByExample="false"-->
               <!--enableDeleteByExample="false" enableSelectByExample="false"-->
               <!--enableUpdateByExample="false">-->
        <!--</table>-->
        <!--<table schema="gkemr" tableName="emr_role_user"-->
               <!--domainObjectName="Role_User" enableCountByExample="false"-->
               <!--enableDeleteByExample="false" enableSelectByExample="false"-->
               <!--enableUpdateByExample="false">-->
        <!--</table>-->
        <!--<table schema="gkemr" tableName="emr_treat"-->
               <!--domainObjectName="Treat" enableCountByExample="false"-->
               <!--enableDeleteByExample="false" enableSelectByExample="false"-->
               <!--enableUpdateByExample="false">-->
        <!--</table>-->
        <!--<table schema="gkemr" tableName="emr_user"-->
               <!--domainObjectName="User" enableCountByExample="false"-->
               <!--enableDeleteByExample="false" enableSelectByExample="false"-->
               <!--enableUpdateByExample="false">-->
        <!--</table>-->
    </context>
</generatorConfiguration>
